Stadt	Einwohner	Land	Breitengrad	Laengengrad
MARIEHAMN	11709.0	Åland Islands	60.102423	19.94126
Durrës	113249.0	Albania	41.423321	19.538832109202325
TIRANA	418495.0	Albania	41.3268733	19.8187913
ANDORRA LA VELLA	22205.0	Andorra	42.5069391	1.5212467
Graz	286292.0	Austria	47.0708678	15.4382786
Innsbruck	132493.0	Austria	47.26951525	11.397137204221064
Klagenfurt	100369.0	Austria	46.6228162	14.3079604
Linz	204846.0	Austria	48.3059078	14.286198
Salzburg	153377.0	Austria	47.7981346	13.0464806
WIEN	1888776.0	Austria	48.2083537	16.3725042
Baranovichi	179166.0	Belarus	53.1322925	26.0184156
Bobruisk	217546.0	Belarus	53.1449683	29.2281209
Borisov	143051.0	Belarus	54.2240665	28.5117849
Brest	347576.0	Belarus	52.093751	23.6851851
Gomel	535693.0	Belarus	52.4238936	31.0131698
Grodno	370919.0	Belarus	53.6834599	23.8342648
Lida	101616.0	Belarus	53.8949515	25.295719
MINSK	1982444.0	Belarus	53.902334	27.5618791
Mogilev	381353.0	Belarus	53.60664785	31.954191372509115
Mozir	111733.0	Belarus	52.0475464	29.2667179
Novopolotsk	107479.0	Belarus	55.5347704	28.645089
Orsha	115052.0	Belarus	54.5119008	30.4254486
Pinsk	137961.0	Belarus	52.1113612	26.102377
Soligorsk	106627.0	Belarus	52.7893039	27.5318168
Vitebsk	377932.0	Belarus	55.1930197	30.2070437
Anderlecht	108940.0	Belgium	50.8390983	4.3296526
Antwerpen (Anvers)	718730.0	Belgium	51.2211097	4.3997081
Brugge	117260.0	Belgium	51.2085526	3.226772
BRUSSEL	1550299.0	Belgium	50.8465573	4.351697
Charleroi	291806.0	Belgium	50.4120332	4.4436244
Gent (Gand)	280151.0	Belgium	51.099884349999996	3.739013449056724
Liège (Luik)	491767.0	Belgium	50.6451381	5.5734203
Namur	110175.0	Belgium	50.4665284	4.8661892
Schaerbeek	127525.0	Belgium	50.8676041	4.3737121
Burgas	202694.0	Bulgaria	42.446600000000004	27.20620689265119
Plovdiv	345213.0	Bulgaria	42.1418541	24.7499297
Ruse	144125.0	Bulgaria	43.8480413	25.9542057
SOFIA	1238438.0	Bulgaria	42.6978634	23.3221789
Stara Zagora	136307.0	Bulgaria	42.4247421	25.6257235
Varna	335854.0	Bulgaria	43.2069025	27.9150855
Osijek	108048.0	Croatia	45.5548753	18.6953593
Rijeka	128624.0	Croatia	45.3271752	14.4412309
Split	178102.0	Croatia	43.5116383	16.4399659
ZAGREB	790017.0	Croatia	45.813177	15.977048
Brno	379527.0	Czechia	49.1922443	16.6113382
Liberec	103979.0	Czechia	50.7702648	15.0583947
Olomouc	100494.0	Czechia	49.5940567	17.251143
Ostrava	290450.0	Czechia	49.8349139	18.2820084
Plzen	170936.0	Czechia	49.7477415	13.3775249
PRAHA	1294513.0	Czechia	50.0874654	14.4212535
Ålborg	213271.0	Denmark	57.0462626	9.9215263
Århus	341497.0	Denmark	56.1496278	10.2134046
Esbjerg	116061.0	Denmark	55.4664892	8.4520751
Frederiksberg	103914.0	Denmark	55.678016	12.5326186
KOBENHAVN	616098.0	Denmark	55.6867243	12.5700724
Odense	202663.0	Denmark	55.3997225	10.3852104
Vejle	114464.0	Denmark	55.7000057	9.5333238
TALLINN	430805.0	Estonia	59.4372155	24.7453688
TÓRSHAVN	19600.0	Faeroe Islands	62.012	-6.768
Espoo	276814.0	Finland	60.2241869	24.6603626
HELSINKI	639227.0	Finland	60.1674098	24.9425769
Jyvaskyla	139519.0	Finland	62.2393002	25.745951
Kuopio	117975.0	Finland	62.8241424	27.594561484488977
Lahti	119513.0	Finland	60.9838761	25.6561814
Oulu	201168.0	Finland	65.0118734	25.4716809
Tampere	230064.0	Finland	61.4980214	23.7603118
Turku	188637.0	Finland	60.4517531	22.2670522
Vantaa	221184.0	Finland	60.3091871	25.0364526
Aix-en-Provence	142668.0	France	43.5298424	5.4474738
Amiens	162637.0	France	49.8941708	2.2956951
Angers	225978.0	France	47.4739884	-0.5515588
Argenteuil	110388.0	France	48.9479069	2.2481797
Besançon	135448.0	France	47.2380222	6.0243622
Bordeaux	904359.0	France	44.841225	-0.5800364
Boulogne-Billancourt	117931.0	France	48.8356649	2.240206
Brest	200530.0	France	48.3905283	-4.4860088
Caen	198639.0	France	49.1828008	-0.3690815
Clermont-Ferrand	265892.0	France	45.7774551	3.0819427
Dijon	243244.0	France	47.3215806	5.0414701
Grenoble	512591.0	France	45.1875602	5.7357819
Le Havre	237578.0	France	49.4938975	0.1079732
Le Mans	210018.0	France	48.0073498	0.1967379
Lille	1039397.0	France	50.6365654	3.0635282
Limoges	183347.0	France	45.8354243	1.2644847
Lyon	1639558.0	France	45.7578137	4.8320114
Marseille	1585498.0	France	43.2961743	5.3699525
Metz	285268.0	France	49.1196964	6.1763552
Montpellier	428909.0	France	43.6112422	3.8767337
Montreuil	106691.0	France	50.4638918	1.7631125
Mulhouse	246511.0	France	47.7467	7.3389275
Nancy	285659.0	France	48.6937223	6.1834097
Nantes	633690.0	France	47.2186371	-1.5541362
Nice	943354.0	France	43.7009358	7.2683912
Nîmes	184750.0	France	43.8374249	4.3600687
Orléans	278131.0	France	47.9027336	1.9086066
PARIS	10706072.0	France	48.8566969	2.3514616
Perpignan	200971.0	France	42.6985304	2.8953121
Reims	212949.0	France	49.2577886	4.031926
Rennes	330871.0	France	48.1113387	-1.6800198
Rouen	467133.0	France	49.4404591	1.0939658
Saint-Denis	111103.0	France	48.935773	2.3580232
Saint-Étienne	373130.0	France	45.4401467	4.3873058
Strasbourg	461101.0	France	48.584614	7.7507127
Toulon	569793.0	France	43.1257311	5.9304919
Toulouse	948433.0	France	43.6044622	1.4442469
Tours	353042.0	France	47.3900474	0.6889268
Villeurbanne	148665.0	France	45.7733105	4.8869339
Aachen	246272.0	Germany	50.776351	6.083862
Augsburg	292851.0	Germany	48.3668041	10.8986971
Bergisch Gladbach	111627.0	Germany	50.9929303	7.1277379
BERLIN	3613495.0	Germany	52.5170365	13.3888599
Bielefeld	332552.0	Germany	52.0191005	8.531007
Bochum	365529.0	Germany	51.4818111	7.2196635
Bonn	325490.0	Germany	50.735851	7.10066
Bottrop	117364.0	Germany	51.521581	6.929204
Braunschweig	248023.0	Germany	52.2646577	10.5236066
Bremen	568006.0	Germany	53.0758196	8.8071646
Bremerhaven	113026.0	Germany	53.5522264	8.5865509
Chemnitz	246855.0	Germany	50.8322608	12.9252977
Cottbus	101036.0	Germany	51.7567447	14.3357307
Darmstadt	158254.0	Germany	49.872775	8.651177
Dortmund	586600.0	Germany	51.5142273	7.4652789
Dresden	551072.0	Germany	51.0493286	13.7381437
Duisburg	498110.0	Germany	51.434999	6.759562
Düsseldorf	617280.0	Germany	51.2254018	6.7763137
Erfurt	212988.0	Germany	50.9777974	11.0287364
Erlangen	110998.0	Germany	49.5981187	11.003645
Essen	583393.0	Germany	51.4582235	7.0158171
Frankfurt am Main	746878.0	Germany	50.1106444	8.6820917
Freiburg im Breisgau	229636.0	Germany	47.9960901	7.8494005
Fürth	126526.0	Germany	49.477263	10.989616
Gelsenkirchen	260305.0	Germany	51.5110321	7.0960124
Göttingen	119529.0	Germany	51.5327604	9.9352051
Hagen	187730.0	Germany	51.3582945	7.473296
Halle (Saale)	239173.0	Germany	51.4825041	11.9705452
Hamburg	1830584.0	Germany	53.5437641	10.0099133
Hamm	179185.0	Germany	51.6804093	7.815197
Hannover	535061.0	Germany	52.3744779	9.7385532
Heidelberg	160601.0	Germany	49.4093582	8.694724
Heilbronn	125113.0	Germany	49.142291	9.218655
Herne	156490.0	Germany	51.5380394	7.219985
Hildesheim	101744.0	Germany	52.1521636	9.9513046
Ingolstadt	135244.0	Germany	48.7630165	11.4250395
Jena	111099.0	Germany	50.9281717	11.5879359
Karlsruhe	311919.0	Germany	49.0068705	8.4034195
Kassel	200736.0	Germany	51.3154546	9.4924096
Kiel	247943.0	Germany	54.3227085	10.135555
Koblenz	113844.0	Germany	50.3533278	7.5943951
Köln	1080394.0	Germany	50.938361	6.959974
Krefeld	226699.0	Germany	51.3331205	6.5623343
Leipzig	581980.0	Germany	51.3406321	12.3747329
Leverkusen	163577.0	Germany	51.0324743	6.9881194
Lübeck	216318.0	Germany	53.866444	10.684738
Ludwigshafen am Rhein	168497.0	Germany	49.4704113	8.4381568
Magdeburg	238478.0	Germany	52.1315889	11.6399609
Mainz	215110.0	Germany	50.0012314	8.2762513
Mannheim	307997.0	Germany	49.489591	8.467236
Moers	103949.0	Germany	51.451283	6.62843
Mönchengladbach	262188.0	Germany	51.1946983	6.4353641
Mülheim an der Ruhr	171265.0	Germany	51.4272925	6.8829192
München	1456039.0	Germany	48.1371079	11.5753822
Münster (Westf.)	313559.0	Germany	51.9564055	7.635792
Neuss	153810.0	Germany	51.1981778	6.6916476
Nürnberg	515201.0	Germany	49.453872	11.077298
Oberhausen	211422.0	Germany	51.4696137	6.8514435
Offenbach am Main	126658.0	Germany	50.1055002	8.7610698
Oldenburg (Oldenburg)	167081.0	Germany	53.1389753	8.2146017
Osnabrück	164374.0	Germany	52.266837	8.049741
Paderborn	149075.0	Germany	51.71895955	8.764869778177559
Pforzheim	124289.0	Germany	48.8908846	8.7029532
Potsdam	175710.0	Germany	52.4009309	13.0591397
Recklinghausen	113360.0	Germany	51.6143815	7.1978546
Regensburg	150894.0	Germany	49.0195333	12.0974869
Remscheid	110584.0	Germany	51.1798706	7.1943544
Reutlingen	115762.0	Germany	48.4919508	9.2114144
Rostock	208409.0	Germany	54.0924445	12.1286127
Saarbrücken	180966.0	Germany	49.234362	6.996379
Salzgitter	104548.0	Germany	52.1503721	10.3593147
Siegen	102337.0	Germany	50.8749804	8.0227233
Solingen	158803.0	Germany	51.1712468	7.0838996
Stuttgart	632743.0	Germany	48.7784485	9.1800132
Trier	110013.0	Germany	49.7596208	6.6441878
Ulm	125596.0	Germany	48.3974003	9.9934336
Wiesbaden	278654.0	Germany	50.0820384	8.2416556
Wolfsburg	123914.0	Germany	52.4205588	10.7861682
Wuppertal	353590.0	Germany	51.264018	7.1780374
Würzburg	126635.0	Germany	49.79245	9.932966
GIBRALTAR	34003.0	Gibraltar	36.140807	-5.3541295
ATHINAI	664046.0	Greece	37.9872279	23.7643591
Kallithea	100641.0	Greece	37.9560111	23.7033792
Heraklion	140730.0	Greece	35.3400127	25.1343475
Larissa	144651.0	Greece	39.6383092	22.4160706
Patrai	167446.0	Greece	38.246242	21.7350847
Peristeri	139981.0	Greece	38.0128111	23.6955137
Piraeus	163688.0	Greece	37.9431594	23.6470593
Thessaloniki	315196.0	Greece	40.6403167	22.9352716
ST. PETER PORT	18599.0	Guernsey	49.4568142	-2.5389979
VATICAN CITY	451.0	Vatican	41.9034912	12.4528349
BUDAPEST	2595024.0	Hungary	47.4983815	19.0404707
Debrecen	265861.0	Hungary	47.531399	21.6259782
Györ	233796.5	Hungary	47.687609	17.6346815
Kecskemét	132517.5	Hungary	46.9080769	19.6928133
Miskolc	246372.5	Hungary	48.1031503	20.7901985
Nyiregyhaza	147467.0	Hungary	47.9557802	21.7167982
Pécs	179881.5	Hungary	46.0763222	18.2280746
Szeged	204061.5	Hungary	46.2546312	20.1486016
REYKJAVIK	219681.0	Iceland	64.145981	-21.9422367
Cork	124391.0	Ireland	51.8979282	-8.4705806
DUBLIN	544107.0	Ireland	53.3497645	-6.2602732
DOUGLAS	26218.0	Isle of Man	54.1478523	-4.485297815814697
Ancona	100810.0	Italy	43.480120400000004	13.218790609151764
Bari	323784.0	Italy	41.1257843	16.8620293
Bergamo	120605.0	Italy	45.756655699999996	9.754219200862249
Bologna	388814.0	Italy	44.4936714	11.3430347
Bolzano	107134.0	Italy	46.4981125	11.3547801
Brescia	196707.5	Italy	45.77958045	10.4258729694612
Cagliari	154094.5	Italy	39.2169525	9.1128513
Catania	312508.0	Italy	37.5022355	15.08738
Ferrara	132143.5	Italy	44.766764249999994	11.827938995640167
Firenze	381603.0	Italy	43.7698712	11.2555757
Foggia	151549.0	Italy	41.50281055	15.452899609627726
Forli	117904.5	Italy	44.2227182	12.0412435
Genova	581849.0	Italy	44.40726	8.9338624
Giugliano in Campania	124100.0	Italy	40.9286872	14.2006989
Latina	126310.5	Italy	41.45952605	13.012591212188894
Livorno	158643.5	Italy	42.79021905	10.340281392353766
Messina	235627.5	Italy	38.1937571	15.5542082
Milano	1358871.0	Italy	45.4668	9.1905
Modena	185000.0	Italy	44.5384728	10.935960870530739
Monza	123276.5	Italy	45.5834418	9.2735257
Napoli	968164.5	Italy	40.8359336	14.2487826
Novara	104233.5	Italy	45.584250049999994	8.545996970894572
Padova	210134.5	Italy	45.4077172	11.8734455
Palermo	671070.0	Italy	38.1112268	13.3524434
Parma	195052.0	Italy	44.8013678	10.3280833
Perugia	166179.5	Italy	43.1070321	12.402996209906487
Pescara	119818.5	Italy	42.3102619	13.95759010584892
Piacenza	102718.5	Italy	44.84759995	9.667456647352912
Prato	192897.0	Italy	43.935718050000006	11.09414726770089
Ravenna	159086.0	Italy	44.364060699999996	12.059009490863945
Reggio di Calabria	181999.0	Italy	38.1035389	15.6397556
Reggio nell'Emilia	171717.5	Italy	44.608664	10.594796841892734
Rimini	149155.5	Italy	43.9470982	12.630768610516004
ROMA	2873147.0	Italy	41.8933203	12.4829321
Salerno	134410.0	Italy	40.419441649999996	15.310756230322482
Sassari	127151.0	Italy	40.777800400000004	8.921996955790174
Siracusa	121818.0	Italy	37.0646139	15.2907196
Taranto	198922.0	Italy	40.54881555	17.08058012454743
Terni	111322.0	Italy	42.6537515	12.439811632836722
Torino	884680.0	Italy	45.0677551	7.6824892
Trento	117707.0	Italy	46.0664228	11.1257601
Trieste	204286.0	Italy	45.6500335	13.7706559
Venezia	261613.0	Italy	45.4371908	12.3345898
Verona	257314.0	Italy	45.4384958	10.9924122
Vicenza	111909.0	Italy	45.63485905	11.40635425660249
ST. HELIER	28310.0	Jersey	49.1856637	-2.1102277
RIGA	637971.0	Latvia	56.9493977	24.1051846
VADUZ	5605.0	Liechtenstein	47.1392862	9.5227962
Kaunas	290527.0	Lithuania	54.8982139	23.9044817
Klaipeda	150109.0	Lithuania	55.7127529	21.1350469
Shauliai	100895.0	Lithuania	55.9340823	23.3157775
VILNIUS	546382.0	Lithuania	54.6870458	25.2829111
LUXEMBOURG-VILLE	116323.0	Luxembourg	47.1651446	-1.2725351
VALLETTA	5735.0	Malta	35.8989818	14.5136759
MONACO	31109.0	Monaco	43.7311424	7.4197576
PODGORICA	185937.0	Montenegro	42.4415238	19.2621081
Alkmaar	107106.0	Netherlands	52.6312592	4.7503798
Almere	196932.0	Netherlands	52.44175125	5.2092943104327585
Alphen aan den	107396.0	Netherlands	52.134055	4.6730143
Amersfoort	152481.0	Netherlands	52.163773899999995	5.3965879493517015
AMSTERDAM	821752.0	Netherlands	52.3727598	4.8936041
Apeldoorn	158099.0	Netherlands	52.2156457	5.9639485
Arnhem	152293.0	Netherlands	51.984257	5.9108573
Breda	180937.0	Netherlands	51.5887845	4.7760237
Delft	101030.0	Netherlands	51.999457199999995	4.362724538543995
Dordrecht	118899.0	Netherlands	51.7958812	4.6779351
Ede	111575.0	Netherlands	52.0458265	5.6702011
Eindhoven	223209.0	Netherlands	51.44855695	5.450122521857143
Emmen	107775.0	Netherlands	52.788937	6.8939001
Enschede	158553.0	Netherlands	52.22336325	6.870595664097989
Groningen	200336.0	Netherlands	53.2190652	6.5680077
Haarlem	156645.0	Netherlands	52.3885317	4.6388048
Haarlemmermeer	144152.0	Netherlands	52.3238421	4.715261248876009
Leeuwarden	107691.0	Netherlands	53.2005936	5.7918548
Leiden	121562.0	Netherlands	52.1518157	4.4811088666204295
Maastricht	122397.0	Netherlands	50.8512438	5.6909768
Nijmegen	170681.0	Netherlands	51.842574850000005	5.838960628748229
Rotterdam	623652.0	Netherlands	51.9228958	4.4631727
s-Gravenhage	514861.0	Netherlands	52.07494555	4.2696802205364515
s-Hertogenbosch	150889.0	Netherlands	51.6889351	5.3031044
Tilburg	211648.0	Netherlands	51.55847	5.083076
Utrecht	334176.0	Netherlands	52.0949753	5.109708
Venlo	100536.0	Netherlands	51.3702109	6.1688954
Westland	104302.0	Netherlands	52.0014044	4.201908937069459
Zaanstad	151418.0	Netherlands	52.4689235	4.773783522451712
Zoetermeer	124025.0	Netherlands	52.06228915	4.487754553694883
Zwolle	123861.0	Netherlands	52.5089759	6.0943765
SKOPJE	546824.0	North Macedonia	41.9960924	21.4316495
OSLO	634293.0	Norway	59.9133301	10.7389701
Bialystok	294362.0	Poland	53.127505049999996	23.147050870161664
Bielsko-Biala	170005.0	Poland	49.81207845	19.029198802013944
Bydgoszcz	352870.0	Poland	53.1219648	18.0002529
Bytom	167359.0	Poland	50.3657432	18.87153251609449
Chorzów	108205.0	Poland	50.2978791	18.9544466
Czestochowa	223373.0	Poland	50.8089997	19.1244089281233
Dabrowa Górnicza	120478.0	Poland	50.36913425	19.289871101330505
Elblag	118925.0	Poland	54.1988997	19.44108568736702
Gdansk	463352.0	Poland	54.347629	18.6452324
Gdynia	243910.0	Poland	54.50383255	18.462806155884614
Gliwice	180193.0	Poland	50.30113145	18.662347227971978
Gorzów Wielkopolski	122299.0	Poland	52.73057555	15.210755319093852
Kalisz	100812.0	Poland	51.7624752	18.0895358
Katowice	301202.0	Poland	50.2598987	19.0215852
Kielce	195655.0	Poland	50.85403585	20.609914352101452
Koszalin	105989.0	Poland	54.20727105	16.217530768271565
Kraków	759104.0	Poland	50.0469432	19.997153435836697
Lódz	692284.0	Poland	51.7687323	19.4569911
Lublin	341794.0	Poland	51.218194499999996	22.554677565192677
Olsztyn	173693.0	Poland	53.7767239	20.477781292210345
Opole	127084.0	Poland	50.678792900000005	17.929884436033525
Plock	119840.0	Poland	52.535347099999996	19.713630180599928
Poznan	538439.0	Poland	52.40063215	16.91978694287606
Radom	212765.0	Poland	51.417157599999996	21.160945939663797
Ruda Slaska	137546.0	Poland	50.270303	18.864375646334572
Rybnik	137436.0	Poland	50.1105691	18.553187366087336
Rzeszów	186391.0	Poland	50.00715125	22.009911525182105
Sosnowiec	203001.0	Poland	50.2780834	19.1342944
Szczecin	401940.0	Poland	53.4301818	14.5509623
Tarnów	106709.0	Poland	50.025988299999995	20.96405842696229
Torun	199490.0	Poland	53.0102721	18.6048094
Tychy	126661.0	Poland	50.126498049999995	19.006784585824853
Walbrzych	112720.0	Poland	50.785221	16.284640336127822
WARSZAWA	1754511.0	Poland	52.2319581	21.0067249
Wloclawek	110563.0	Poland	52.6655636	19.096129748054388
Wroclaw	634873.0	Poland	51.1263106	16.97819633051261
Zabrze	172909.0	Poland	50.31428055	18.781576310579183
Zielona Góra	139818.0	Poland	51.92766315	15.549005417916433
Amadora	179055.5	Portugal	38.7595162	-9.223677009460125
LISBOA	505526.0	Portugal	38.7077507	-9.1365919
Porto	214353.0	Portugal	41.1494512	-8.6107884
CHIŞINĂU (KISHINEV)	339079.0	Republic of Moldova	47.0129704	28.8601025
BUCURESTI	1826830.0	Romania	44.4361414	26.1027202
Abakan	168655.0	Russia	53.7209024	91.442435
Achinsk	109229.0	Russia	56.2694846	90.4953964
Almetievsk	148384.0	Russia	54.9005008	52.2963777
Anapa	156928.0	Russia	44.894272	37.316887
Angarsk	231944.0	Russia	52.5311117	103.8826109
Arkhangelsk	357264.0	Russia	64.543022	40.537121
Armavir	209742.0	Russia	44.9993585	41.1294061
Artem	112102.0	Russia	43.3558105	132.1751729
Arzamas	105506.0	Russia	55.3989463	43.8408129
Astrakhan	526363.0	Russia	46.3652486	48.05521686177834
Balakovo	196918.0	Russia	52.01812	47.819141
Balashikha	238284.0	Russia	55.8036225	37.9646488
Barnaul	686306.0	Russia	53.347402	83.7784496
Bataisk	115016.0	Russia	47.138527	39.742348
Belgorod	369815.0	Russia	50.5955595	36.5873394
Belovo	132144.0	Russia	54.419323	86.303429
Berezniki	153806.0	Russia	59.4084171	56.8036958
Biisk	215780.0	Russia	52.5394905	85.2148673
Blagoveshchensk	222065.0	Russia	50.290527	127.527161
Bor	122201.0	Russia	56.3598289	44.0542641
Bratsk	242604.0	Russia	56.1517085	101.6334907
Bryansk	430987.0	Russia	53.2423778	34.3668288
Cheboksary	473189.0	Russia	56.1307195	47.2449597
Chelyabinsk	1149829.0	Russia	55.1598408	61.4025547
Cherepovets	315186.0	Russia	59.128696	37.916389
Cherkessk	126884.0	Russia	44.2285229	42.048257
Chita	329868.0	Russia	52.033409	113.500893
Derbent	119647.0	Russia	42.057858	48.2887648
Dimitrovgrad	120750.0	Russia	54.2188995	49.6038982
Domodedovo	142743.0	Russia	55.4368213	37.7680693
Dzerzhinsk	248649.0	Russia	56.2382157	43.4617405
Ekaterinburg	1420285.0	Russia	56.839104	60.60825
Elektrostal	156136.0	Russia	55.7903785	38.4405711
Elets	107347.0	Russia	52.6219865	38.5003298
Elista	108753.0	Russia	46.306999	44.270187
Engels	211825.0	Russia	51.5013775	46.1233093
Yessentuki	101851.0	Russia	44.0468389	42.8565018
Groznyi	276524.0	Russia	43.3197031	45.6934308
Khasavyurt	133188.0	Russia	43.246916	46.5855184
Irkutsk	601993.0	Russia	52.289597	104.280586
Ivanovo	408952.0	Russia	56.9984452	40.9737394
Izhevsk	631182.0	Russia	56.866557	53.2094166
Kaliningrad	437456.0	Russia	54.710128	20.5105838
Kaluga	344766.0	Russia	54.5101087	36.2598115
Kamensk-Uralsky	174493.0	Russia	56.415451	61.917797
Kamyshin	117352.0	Russia	50.06525345	45.38449115922653
Kaspiysk	102421.0	Russia	42.8881414	47.6424676
Kazan	1168745.0	Russia	55.7823547	49.1242266
Kemerovo	538188.0	Russia	54.5335781	87.342861
Khabarovsk	589596.0	Russia	48.481403	135.076935
Khimki	218275.0	Russia	55.8892847	37.4449896
Kirov	505346.0	Russia	58.6035257	49.6639029
Kiselyovsk	101180.0	Russia	54.0049872	86.6354771
Kislovodsk	136142.0	Russia	43.9128743	42.7192186
Kolomna	144838.0	Russia	55.0938743	38.7670121
Komsomolsk-na-Amure	259081.0	Russia	50.550877	137.020782
Kopeysk	141291.0	Russia	55.1131951	61.6216332
Korolev	186460.0	Russia	55.9204898	37.8326289
Kostroma	270366.0	Russia	57.7679158	40.9269141
Kovrov	346922.0	Russia	56.374603	41.311676
Krasnodar	861181.0	Russia	45.0352566	38.9764814
Krasnogorsk	125787.0	Russia	55.821744	37.3404142
Krasnoyarsk	1007654.0	Russia	63.3233807	97.0979974
Kurgan	326729.0	Russia	55.51707765	65.45906580229595
Kursk	425950.0	Russia	51.739433	36.179604
Kyzyl	112659.0	Russia	51.7190995	94.4300627
Leninsk-Kuznetsky	102285.0	Russia	54.665443	86.166115
Lipetsk	508585.0	Russia	52.6946301	39.4278734
Lyubertsy	178884.0	Russia	55.6783142	37.89377
Magadan	101933.0	Russia	59.5604768	150.7988617
Magnitogorsk	410733.0	Russia	53.4242184	58.983136
Maikop	167281.0	Russia	44.6062079	40.104053
Makhachkala	701753.0	Russia	42.9830241	47.5048717
Mezhdurechensk	102465.0	Russia	53.6863763	88.0703443
Miass	166205.0	Russia	55.065304	60.108337
MOSKVA	11918057.0	Russia	55.7504461	37.6174943
Murmansk	303754.0	Russia	68.970665	33.07497
Murom	122545.0	Russia	55.5738	42.0447
Mytishchi	185204.0	Russia	55.9094928	37.7339358
Naberezhnye Tchelny	517831.0	Russia	55.7420117	52.3992173
Nakhodka	159633.0	Russia	42.8246489	132.8926
Naltchik	265051.0	Russia	43.4769604	43.5966578
Nazran	100574.0	Russia	43.2320774	44.7540128
Neftekamsk	135013.0	Russia	56.0884031	54.2478094
Nefteyugansk	125528.0	Russia	61.090309	72.6101
Nevinnomyssk	117949.0	Russia	44.6245814	41.9475941
Nizhnekamsk	235279.0	Russia	55.6412879	51.8160376
Nizhnevartovsk	261011.0	Russia	60.9339411	76.5814274
Nizhny Novgorod	1266231.0	Russia	56.328571	44.003506
Nizhny Tagil	362185.0	Russia	57.905149	59.9508466
Noginsk	103843.0	Russia	55.8553511	38.4411898
Norilsk	178363.0	Russia	69.3498394	88.200517
Novocheboksarsk	124288.0	Russia	56.1140023	47.4870341
Novocherkassk	171081.0	Russia	47.41066	40.101986
Novokuybyshevsk	109521.0	Russia	53.099243	49.948364
Novokuznetsk	549383.0	Russia	53.757607	87.136101
Novomoskovsk	141893.0	Russia	54.011013	38.290943
Novorossiysk	305421.0	Russia	44.7239578	37.7690711
Novoshakhtinsk	110243.0	Russia	47.7558886	39.935987
Novosibirsk	1511369.0	Russia	55.0282171	82.9234509
Novotroitsk	103061.0	Russia	51.196369	58.298527
Novy Urengoy	114332.0	Russia	66.085196	76.6799167
Noyabrsk	108662.0	Russia	63.1150538	75.34254236988208
Obninsk	105722.0	Russia	55.0951738	36.611913
Odintsovo	143848.0	Russia	55.6711507	37.2727963
Oktyabrsky	111109.0	Russia	56.8407917	53.3237481
Omsk	1158627.0	Russia	54.991375	73.371529
Orekhovo-Zuevo	121341.0	Russia	55.8083278	38.9790038
Orel	318642.0	Russia	52.9685433	36.0692477
Orenburg	571041.0	Russia	51.767452	55.097118
Orsk	241327.0	Russia	51.2305015	58.4738015
Penza	519948.0	Russia	53.1937836	45.00674125017068
Perm	1007285.0	Russia	58.5951603	56.3159546
Pervouralsk	149796.0	Russia	56.904858	59.943119
Petropavlovsk-Kamchatsky	180702.0	Russia	53.0199693	158.6472187
Petrozavodsk	267102.0	Russia	61.790039	34.390007
Podolsk	200059.0	Russia	55.4308841	37.5453056
Prokopyevsk	206023.0	Russia	53.890972	86.737663
Pskov	205062.0	Russia	57.817398	28.334368
Pushkino	104020.0	Russia	56.0104274	37.8461892
Pyatigorsk	212968.0	Russia	44.039775	43.0706669
Rostov-na-Donu	1100091.0	Russia	47.2213858	39.7114196
Rubtsovsk	146075.0	Russia	51.5276264	81.2176174
Ryazan	526919.0	Russia	54.6295687	39.7425039
Rybinsk	197359.0	Russia	58.050373	38.834637
Salavat	155174.0	Russia	53.361687	55.924641
Samara	1170485.0	Russia	53.198627	50.113987
Saransk	326473.0	Russia	54.18671	45.18383
Sarapul	100362.0	Russia	56.477334	53.8192957
Saratov	838321.0	Russia	51.530018	46.034683
Sergiev Posad	115858.0	Russia	56.3133404	38.1320729
Serov	107904.0	Russia	59.6051905	60.574043
Serpukhov	126729.0	Russia	54.9155247	37.4195533
Severodvinsk	190513.0	Russia	64.563385	39.823769
Seversk	116340.0	Russia	56.603161	84.881012
Shakhty	238031.0	Russia	47.7119167	40.2115699
Shchyolkovo	113726.0	Russia	55.9206499	37.9915576
Smolensk	330451.0	Russia	54.7814057	32.0461261
Sochi	441407.0	Russia	43.5854823	39.723109
St. Petersburg	4990602.0	Russia	59.9606739	30.1586551
Stary Oskol	256790.0	Russia	51.298038	37.833202
Stavropol	408560.0	Russia	45.0433245	41.9690934
Sterlitamak	275087.0	Russia	53.632374	55.952259
Surgut	321062.0	Russia	61.254032	73.3964
Syktyvkar	255283.0	Russia	61.6685237	50.8352024
Syzran	178205.0	Russia	53.09579215	48.39405728270984
Taganrog	255671.0	Russia	47.2153657	38.9285216
Tambov	281348.0	Russia	52.72879	41.45536
Tobolsk	101955.0	Russia	58.1998048	68.2512924
Tolyatti	719363.0	Russia	53.52185365	49.374757290807175
Tomsk	565000.0	Russia	58.6124279	82.0475315
Tula	496656.0	Russia	54.1930321	37.61754
Tver	407896.0	Russia	56.858675	35.9208284
Tyumen	644799.0	Russia	57.153534	65.542274
Ufa	1084420.0	Russia	54.726288	55.947727
Uhta	121479.0	Russia	63.5624585	53.684243
Ulan-Ude	413850.0	Russia	51.8357841	107.5839105
Ulyanovsk	637637.0	Russia	54.3107593	48.3642771
Ussuriisk	189502.0	Russia	43.7972447	131.9520752
Velikiy Novgorod	219941.0	Russia	58.5209862	31.2757862
Vladikavkaz	327448.0	Russia	43.024593	44.68211
Vladimir	349525.0	Russia	56.1288899	40.4075203
Vladivostok	624281.0	Russia	43.1150678	131.8855768
Volgodonsk	170189.0	Russia	47.541407199999995	42.228104828647545
Volgograd	1018762.0	Russia	48.64820995	44.38576379902911
Vologda	313679.0	Russia	59.218876	39.893276
Volzhsky	327460.0	Russia	48.782102	44.7779843
Voronezh	997447.0	Russia	51.6605982	39.2005858
Yakutsk	298926.0	Russia	62.027287	129.732086
Yaroslavl	597161.0	Russia	57.64955255	39.87485827162618
Yoshkar-Ola	265626.0	Russia	56.6328248	47.8972462
Yuzhno-Sakhalinsk	195104.0	Russia	46.9574273	142.727438
Zheleznodorozhny	138814.0	Russia	55.7459388	38.0158304
Zhukovsky	106555.0	Russia	55.569172699999996	38.116801910954834
Zlatoust	175178.0	Russia	55.1674213	59.6792625
SAN MARINO	4127.0	San Marino	43.9458623	12.458306
BEOGRAD (BELGRADE)	1687132.0	Serbia	44.8178131	20.4568974
Čačak	111075.0	Serbia	43.8913319	20.3501125
Kragujevac	177977.0	Serbia	44.0125745	20.91877
Kraljevo	119585.0	Serbia	43.7235798	20.6875995
Kruševac	122437.0	Serbia	43.5825653	21.326599
Leskovac	136888.0	Serbia	42.9951304	21.9464271
Niš	256825.0	Serbia	43.321504	21.8957301
Novi Pazar	105490.0	Serbia	43.136667	20.512222
Novi Sad	356126.0	Serbia	45.2551338	19.8451756
Pancevo	120361.0	Serbia	44.8705686	20.6399643
Šabac	111709.0	Serbia	44.7571535	19.6953972
Smederevo	104125.0	Serbia	44.6662524	20.9269355
Subotica	137753.0	Serbia	46.1000129	19.6640974
Zrenjanin	117735.0	Serbia	45.3802683	20.3907614
BRATISLAVA	427744.0	Slovakia	48.1516988	17.1093063
Kosice	239119.0	Slovakia	48.7172272	21.2496774
LJUBLJANA	281494.0	Slovenia	46.0499803	14.5068602
Maribor	107834.0	Slovenia	46.555628	15.64477
A Coruña	244474.0	Spain	43.3712091	-8.3958768
Albacete	172933.0	Spain	38.9890121	-1.8548699
Alcalá de Henares	194030.0	Spain	40.4818396	-3.3644973
Alcobendas	115450.0	Spain	40.5400082	-3.6358494
Alcorcón	168821.0	Spain	40.3492998	-3.8284295
Algeciras	121273.0	Spain	36.1310804	-5.4487055
Alicante/Alacant	330782.0	Spain	38.353738	-0.4901846
Almería	196120.0	Spain	36.8414197	-2.4628135
Badajoz	150536.0	Spain	38.8780585	-6.9702048
Badalona	216794.0	Spain	41.4493539	2.248254
Barakaldo	100374.0	Spain	43.29548	-2.9900933
Barcelona	1620576.0	Spain	41.3828939	2.1774322
Bilbao	345465.0	Spain	43.2630051	-2.9349915
Burgos	175772.0	Spain	42.343926	-3.696977
Cádiz	117513.0	Spain	36.5297438	-6.2928976
Cartagena	214060.0	Spain	37.6267868	-1.0006184
Castellón de la Plana/Castelló de la Plana	170193.0	Spain	39.9860347	-0.0377354
Córdoba	325812.0	Spain	37.8845813	-4.7760138
Donostia/San Sebastián	186517.0	Spain	43.3224219	-1.9838889
Dos Hermanas	132859.0	Spain	37.283689	-5.9226718
Elche/Elx	229650.0	Spain	38.2682326	-0.696458
Fuenlabrada	194127.0	Spain	40.282476	-3.7923422
Getafe	179517.0	Spain	40.3081807	-3.7302679
Gijón	272104.0	Spain	43.5450394	-5.6626443
Granada	232489.0	Spain	37.183054	-3.6021928
Huelva	144686.0	Spain	37.2575874	-6.9484945
Jaén	113847.0	Spain	37.9557275	-3.492055612037218
Jerez de la Frontera	212897.0	Spain	36.6816936	-6.1377402
Las Palmas de Gran Canaria	378083.0	Spain	28.128874	-15.4349448
Leganés	188072.0	Spain	40.3281942	-3.76527
León	125044.0	Spain	42.63414505	-5.971415104539984
L'Hospitalet de Llobregat	259208.0	Spain	41.3598601	2.0997927
Lleida	137591.0	Spain	41.6147605	0.6267842
Logroño	151046.0	Spain	42.4661196	-2.4396676
MADRID	3203157.0	Spain	40.4167047	-3.7035825
Málaga	570014.0	Spain	36.7213028	-4.4216366
Marbella	141317.0	Spain	36.508976	-4.88562
Mataró	126557.0	Spain	41.5398348	2.4448926
Móstoles	206842.0	Spain	40.3238525	-3.8649214
Murcia	445212.0	Spain	37.9923795	-1.1305431
Ourense	105570.0	Spain	42.1968459	-7.6114105
Oviedo	220160.0	Spain	43.3605977	-5.8448989
Palma de Mallorca	408076.0	Spain	39.5695818	2.6500745
Pamplona/Iruña	198102.0	Spain	42.8184538	-1.6442556
Parla	127077.0	Spain	40.2373952	-3.7718902
Reus	103300.0	Spain	41.1555564	1.1076133
Sabadell	210832.0	Spain	41.5421013	2.1138977
Salamanca	144207.0	Spain	40.9651572	-5.6640182
San Cristóbal de La Laguna	154602.0	Spain	28.4857715	-16.3159422
Santa Coloma de Gramenet	118209.0	Spain	41.4515626	2.2083371
Santa Cruz de Tenerife	204274.0	Spain	28.469648	-16.2540884
Santander	171997.0	Spain	43.4620412	-3.8099719
Sevilla	689072.0	Spain	37.3886303	-5.9953403
Tarragona	131903.0	Spain	41.1172364	1.2546057
Telde	102214.0	Spain	27.9984538	-15.4166761
Terrassa	217481.0	Spain	41.5629885	2.0102442
Torrejón de Ardoz	128871.0	Spain	40.4587767	-3.4793343
Valencia	789610.0	Spain	39.4697065	-0.3763353
Valladolid	299290.0	Spain	41.6521328	-4.728562
Vigo	293314.0	Spain	42.2376602	-8.7247205
Vitoria-Gasteiz	248076.0	Spain	42.8465088	-2.6724025
Zaragoza	665909.0	Spain	41.6521342	-0.8809428
Göteborg	491629.5	Sweden	57.7072326	11.9670171
Helsingborg	124187.5	Sweden	56.0441984	12.7040684
Jönköping	122951.5	Sweden	57.7825634	14.165719
Linköping	139473.5	Sweden	58.4098135	15.6245252
Malmö	278522.5	Sweden	55.6052931	13.0001566
Norrköping	126071.5	Sweden	58.5909124	16.1903511
Orebro	129703.0	Sweden	59.2747287	15.2151181
STOCKHOLM	789024.0	Sweden	59.3251172	18.0710935
Umeå	111503.0	Sweden	63.8256568	20.2630745
Uppsala	186364.0	Sweden	59.8586126	17.6387436
Västerås	133324.0	Sweden	59.6110992	16.5463679
Brugg Canton	110693.0	Switzerland	47.3040993	9.1068339
Bâle	547761.0	Switzerland	47.5581077	7.5878261
BERNE	418225.0	Switzerland	46.9482713	7.4514512
Fribourg	108809.0	Switzerland	46.6789116	7.1027113
Genève	592060.0	Switzerland	46.2017559	6.1466014
Lausanne	420757.0	Switzerland	46.5218269	6.6327025
Lugano	151207.0	Switzerland	46.0050102	8.9520281
Luzern	229407.0	Switzerland	47.0505452	8.3054682
Zofingen	100866.0	Switzerland	47.288491	7.9458259
St. Gallen	166762.0	Switzerland	47.4250593	9.3765878
Winterthur	141619.0	Switzerland	47.4991723	8.7291498
Zug	130668.0	Switzerland	47.1486137	8.5539378
Zürich	1369041.0	Switzerland	47.3723941	8.5423328
Alchevsk	107542.0	Ukraine	48.4693266	38.803538
Berdyansk	114999.0	Ukraine	46.978279099999995	36.7808059200313
Bila Tserkva	205247.0	Ukraine	49.8038191	30.1116924
Cherkasy	276363.0	Ukraine	49.4447888	32.0587805
Chernihiv	283579.0	Ukraine	51.49300385	31.298689452653896
Chernivtsi	261924.0	Ukraine	48.2864702	25.9376532
Dnepropetrovsk	992812.0	Ukraine	48.4680221	35.0417711
Dniprodzerzhynsk	241432.0	Ukraine	48.5167748	34.6068797
Donets'k	926086.0	Ukraine	48.0158753	37.8013407
Yenakiieve	106873.0	Ukraine	48.2305107	38.185045
Gorlivka	260223.0	Ukraine	48.3058686	38.0027664
Ivano-Frankivsk	254696.0	Ukraine	48.9225224	24.7103188
Kharkiv	1430515.0	Ukraine	49.9902794	36.2303893
Kherson	324888.0	Ukraine	46.6412644	32.625794
Khmilnyk	265583.0	Ukraine	49.556175	27.9491205
Kirovograd	233509.0	Ukraine	48.5105805	32.2656283
Kramatorsk	188096.0	Ukraine	48.72880905	37.567095278466766
Krasnyi Luch	120539.0	Ukraine	48.1351471	38.9198948
Kremenchuk	220271.0	Ukraine	49.0629553	33.403516
Krivoy Rog	630941.0	Ukraine	47.924081	33.39054023287501
KYIV	2893215.0	Ukraine	50.4500336	30.5241361
Lugansk	429077.0	Ukraine	48.5717084	39.2973153
Luts'k	213422.0	Ukraine	50.7450733	25.320078
Lviv	750044.0	Ukraine	49.841952	24.0315921
Lysychansk	112489.0	Ukraine	48.8943809	38.4432589
Makijivka	380789.0	Ukraine	48.0448144	37.9635093
Mariupol	462319.0	Ukraine	47.0957648	37.5499621
Melitopol	153839.0	Ukraine	46.8487478	35.3676448
Nikolaev	481760.0	Ukraine	46.9737705	31.9853819
Nikopol	114156.0	Ukraine	47.5692061	34.3917272
Odessa	993831.0	Ukraine	46.4873195	30.7392776
Pavlograd	107127.0	Ukraine	48.5317201	35.8703535
Poltava	282523.0	Ukraine	49.5897423	34.5507948
Rivne	243152.0	Ukraine	50.6196175	26.2513165
Sievierodonetsk	115013.0	Ukraine	48.9457932	38.4975554
Slovyansk	112479.0	Ukraine	48.848905099999996	37.58844054183906
Sumy	266550.0	Ukraine	50.9070007	34.798386
Ternopil	217171.0	Ukraine	49.5557716	25.591886
Uzhhorod	112436.0	Ukraine	48.6223502	22.3021255
Vinnitsa	370017.0	Ukraine	49.2320162	28.467975
Zaporozhye	741496.0	Ukraine	47.8507859	35.1182867
Zhytomyr	265679.0	Ukraine	50.2598298	28.6692345
Aberdeen	207932.0	United Kingdom	57.1482429	-2.0928095
Belfast	280211.0	United Kingdom	54.5964411	-5.9302761
Birmingham	1085810.0	United Kingdom	52.4796992	-1.9026911
Bolton	194189.0	United Kingdom	53.5782863	-2.4300367
Bournemouth	187503.0	United Kingdom	50.7194784	-1.8767712
Bradford	349561.0	United Kingdom	53.7944229	-1.7519186
Brighton and Hove	229700.0	United Kingdom	50.845221249999994	-0.14975850541139246
Bristol	535907.0	United Kingdom	51.4538022	-2.5972985
Cardiff	335145.0	United Kingdom	51.4816546	-3.1791934
Coventry	325949.0	United Kingdom	52.4081812	-1.510477
Derby	255394.0	United Kingdom	52.9212617	-1.4761491
Edinburgh	482005.0	United Kingdom	55.9533456	-3.1883749
Glasgow	1209143.0	United Kingdom	55.8609825	-4.2488787
Kingston-upon-Hull	284321.0	United Kingdom	53.7435722	-0.3394758
Leeds	474632.0	United Kingdom	53.7974185	-1.5437941
Leicester	443760.0	United Kingdom	52.6361398	-1.1330789
Liverpool	552267.0	United Kingdom	53.407154	-2.991665
LONDON	8135667.0	United Kingdom	51.5073219	-0.1276474
Luton	211228.0	United Kingdom	51.8784385	-0.4152837
Manchester	510746.0	United Kingdom	53.4794892	-2.2451148
Newcastle-upon-Tyne	268064.0	United Kingdom	54.9738474	-1.6131572
Northampton	215173.0	United Kingdom	52.2381355	-0.8963907
Nottingham	289301.0	United Kingdom	52.9534193	-1.1496461
Plymouth	234982.0	United Kingdom	50.3712659	-4.1425658
Portsmouth	238137.0	United Kingdom	50.8036831	-1.075614
Reading	218705.0	United Kingdom	51.456659	-0.9696512
Sheffield	518090.0	United Kingdom	53.3806626	-1.4702278
Southampton	253651.0	United Kingdom	50.9025349	-1.404189
Stoke-on-Trent	270726.0	United Kingdom	53.0162014	-2.1812607
Wolverhampton	210319.0	United Kingdom	52.5847651	-2.127567
